A, B, G, A, C, D
A, B, G
A, C, D, E, H, B, J, I, B, H, J, I, B, H, G
A, H, E, I, G
A, C, D, E, H, B, J, I, H, B, G
A, B, H, J, I, H, J, I, G
A, F, H, J, I, H, J, I, H, G
A, C, D, E, H, J, I, H, G
A, B, H, J, I, H, J, I, H, J, G
A, C, D, E, H, J, G
A, F, H, J, I, H, J, G
A, B, H, J, I, H, B, J, I, H, G
A, C, G
A, C, D, E, H, B, J, I, B, H, J, I, B, H, G
A, H, E, J, G
A, C, D, E, H, J, I, H, J, I, G
A, B, H, J, I, H, J, I, G
A, F, H, J, I, H, J, I, H, G
A, C, D, E, H, J, I, H, G
A, B, H, J, I, H, J, I, H, J, G
A, F, H, J, I, H, J, G
A, B, H, J, I, H, J, I, H, G
A, C, D, G
A, C, D, E, H, B, J, I, B, H, J, I, B, H, G
A, H, E, I, G
A, C, D, E, H, B, J, I, H, B, G
A, B, H, J, I, H, J, I, G
A, F, H, J, I, H, J, I, H, G
A, C, D, E, H, J, I, H, G
A, B, H, J, I, H, J, I, H, J, G
A, F, H, J, I, H, J, G
A, B, H, J, I, H, J, I, H, G
A, C, G
A, C, D, E, H, B, J, I, B, H, J, I, B, H, G
A, H, E, J, G
A, C, D, E, H, J, I, H, J, I, G
A, B, H, J, I, H, J, I, G
A, F, H, J, I, H, J, I, H, G
A, C, D, E, H, J, I, H, G
A, B, H, J, I, H, J, I, H, J, G
A, F, H, J, I, H, J, G